timestamp,open,high,low,close,volume
2020-06-19,80.9700,81.2500,78.8437,79.6500,653132
2020-06-18,78.8700,81.7200,78.7400,80.0800,610698
2020-06-17,78.0700,79.6300,77.8200,78.5600,384049
2020-06-16,77.7200,78.2000,75.5880,77.3800,391477
2020-06-15,71.5700,76.7500,71.2700,75.9400,496925
2020-06-12,75.7000,76.9400,71.5932,72.8300,602691
2020-06-11,76.8400,77.6100,73.1200,74.4500,624200
2020-06-10,76.4800,79.0700,76.4506,78.3200,427016
2020-06-09,74.8800,77.5100,73.7996,76.1900,339807
2020-06-08,75.3500,75.5400,73.0800,75.0300,607722
2020-06-05,74.5600,76.1800,72.7300,75.0000,939072
2020-06-04,78.1300,79.9500,73.6550,74.8600,722046
2020-06-03,78.1900,79.2900,76.6900,79.0000,402760
2020-06-02,78.3000,78.9600,74.3200,77.7700,678835
2020-06-01,74.1100,79.6900,74.0700,77.4400,966801
2020-05-29,71.8100,74.8900,71.0223,74.3000,969431
2020-05-28,71.3100,74.5225,70.3500,72.2000,674172
2020-05-27,69.9200,69.9600,67.0000,69.9000,831522
2020-05-26,70.0000,71.9100,68.9450,69.8500,379293
2020-05-22,67.8500,69.9750,67.5100,69.5000,280554
2020-05-21,67.3800,68.3300,66.3500,67.6500,269514
2020-05-20,67.5900,68.9162,66.8650,67.5200,392978
2020-05-19,64.2300,67.2500,64.2300,66.5900,502681
2020-05-18,65.0100,67.4500,64.3700,64.4100,516044
2020-05-15,61.5100,64.7900,61.1900,64.2700,601666
2020-05-14,60.9200,61.4900,59.9100,61.1900,532222
2020-05-13,63.0300,63.4000,60.0600,61.4600,532479
2020-05-12,65.2400,65.6800,63.3200,63.3200,505186
2020-05-11,62.7800,65.3500,62.0000,64.8000,530390
2020-05-08,63.4900,65.0000,62.9150,63.9700,535585
2020-05-07,62.2600,64.0000,61.6300,63.6000,596780
2020-05-06,61.5000,63.5800,61.1500,61.5000,517921
2020-05-05,57.7600,61.7300,57.7600,61.0500,935197
2020-05-04,60.4800,60.4800,56.8600,57.1600,644313
2020-05-01,60.1800,61.4800,57.2800,59.6600,828238
2020-04-30,59.0800,61.5700,58.8700,60.7400,821741
2020-04-29,58.4000,60.3000,56.8600,59.5000,556604
2020-04-28,60.8700,60.8700,56.9900,57.3500,697723
2020-04-27,59.4700,61.2600,59.0400,60.0500,347786
2020-04-24,58.6800,59.3500,58.0100,58.6800,217135
2020-04-23,57.3400,59.9300,57.3400,58.7200,356611
2020-04-22,57.2500,58.5662,56.3000,57.8200,384858
2020-04-21,57.4200,57.7700,54.0000,55.9400,497372
2020-04-20,57.8400,59.3200,57.8400,58.4400,344229
2020-04-17,58.7600,59.1800,57.2800,58.6500,411246
2020-04-16,57.7300,58.7200,57.1450,57.8900,389207
2020-04-15,55.4800,57.4300,54.6600,57.1100,337325
2020-04-14,56.6100,58.1300,55.4600,56.5900,541738
2020-04-13,53.6300,55.2600,52.4100,54.8600,257543
2020-04-09,54.2700,55.7700,53.2800,54.4200,431039
2020-04-08,52.6800,54.3500,51.3400,53.5300,472759
2020-04-07,53.8000,54.5600,51.2900,51.5100,622177
2020-04-06,51.3400,52.8300,50.5200,52.0000,601300
2020-04-03,49.5500,49.7800,47.5800,49.5000,376690
2020-04-02,49.3500,50.0000,48.0000,49.8000,546857
2020-04-01,51.3600,51.3600,49.2350,49.9400,829793
2020-03-31,52.8700,55.5399,51.2300,52.6100,597288
2020-03-30,53.7500,55.1300,52.4300,53.1700,593600
2020-03-27,52.8200,54.4200,51.1600,52.8200,580711
2020-03-26,47.6200,54.8100,47.1800,54.6500,772932
2020-03-25,50.2000,51.7000,46.6900,47.1700,551580
2020-03-24,53.3300,55.3850,49.0800,50.1900,685571
2020-03-23,46.4000,49.8100,45.3400,49.5500,561901
2020-03-20,49.4100,51.4000,46.1600,46.4400,820992
2020-03-19,43.5800,50.9000,43.0900,48.9800,666150
2020-03-18,39.8300,44.6600,38.3200,44.0100,1144635
2020-03-17,38.9300,44.0700,38.8100,42.3800,1327236
2020-03-16,49.2900,49.2900,42.5100,42.7400,1152181
2020-03-13,56.1800,59.1400,50.2200,53.1100,1016744
2020-03-12,58.2900,58.5600,52.0200,54.2300,1018822
2020-03-11,60.3000,61.8600,60.2050,61.6600,1233146
2020-03-10,61.6400,62.9200,59.5957,61.5700,1267943
2020-03-09,62.5000,63.0000,60.0800,60.2800,1007489
2020-03-06,61.4100,63.3500,60.7700,62.7300,592207
2020-03-05,62.3700,64.2850,61.5244,63.5700,464201
2020-03-04,62.4900,64.7400,61.6800,64.6100,923281
2020-03-03,62.8500,63.2800,60.9900,61.3500,760710
2020-03-02,63.3300,63.5800,60.6700,63.0200,503462
2020-02-28,59.9700,64.0800,59.8500,62.5700,900117
2020-02-27,62.0900,64.8900,60.4900,62.1500,634926
2020-02-26,63.8200,66.0295,63.6000,64.2400,446947
2020-02-25,65.1700,66.1200,62.6100,63.4900,357536
2020-02-24,63.0000,65.0100,62.5400,64.7100,438913
2020-02-21,67.9400,68.2600,64.6500,65.3700,597137
2020-02-20,68.3700,70.0500,67.0500,68.4200,426912
2020-02-19,68.5900,69.0609,67.8300,68.7400,736223
2020-02-18,66.1200,68.4400,65.6300,68.0000,902908
2020-02-14,70.9800,74.4400,66.0000,66.5500,1568618
2020-02-13,63.1300,65.2500,63.1100,65.0000,1024402
2020-02-12,63.4600,63.7081,62.4000,63.4200,402715
2020-02-11,63.9700,64.0000,62.1200,63.1800,448000
2020-02-10,61.9500,63.3850,61.9500,62.9200,542855
2020-02-07,61.2000,62.0100,61.0500,62.0000,305739
2020-02-06,61.4600,62.2900,60.8200,61.6600,254616
2020-02-05,64.3100,64.4600,60.7900,61.3500,296643
2020-02-04,62.3700,63.6100,62.0800,63.4000,584092
2020-02-03,61.7000,62.2685,60.8100,61.5100,359487
2020-01-31,60.8600,61.2850,59.5700,61.1700,419570
2020-01-30,59.6000,60.9800,59.3700,60.9100,381945
2020-01-29,60.0500,60.2950,59.4900,59.6700,234095
2020-01-28,59.0300,59.8300,58.6400,59.6900,196158
2020-01-27,58.8000,59.4800,58.4100,58.6000,307840
2020-01-24,61.0400,61.7200,59.9100,60.2800,315206
2020-01-23,61.4900,61.7750,60.3414,60.4900,332509
2020-01-22,62.8200,63.5500,61.1900,61.3900,433999
2020-01-21,62.2100,63.6500,62.0200,62.2600,681716
2020-01-17,64.2000,65.3200,61.8100,62.2950,1120259
2020-01-16,58.3000,62.0600,58.0900,61.8800,1757539
2020-01-15,56.7500,58.2300,56.1900,57.8600,454091
2020-01-14,55.6100,56.4900,55.0001,56.4500,403672
2020-01-13,55.2600,55.9900,55.2000,55.6600,251606
2020-01-10,55.6000,56.0500,55.0200,55.2800,198895
2020-01-09,55.7400,55.9400,55.1300,55.4900,234098
2020-01-08,53.5500,55.1950,53.5500,55.0500,336331
2020-01-07,53.4400,53.7700,52.8500,53.4700,336955
2020-01-06,52.3600,53.7600,52.1800,53.6700,222333
2020-01-03,51.7600,53.4100,51.6496,52.8100,163586
2020-01-02,52.0600,52.6950,51.7300,52.5900,280305
2019-12-31,51.5000,51.7836,51.0600,51.5600,197508
2019-12-30,52.4100,52.4100,50.9850,51.5800,307778
2019-12-27,53.0400,53.0400,51.9385,52.4200,216961
2019-12-26,52.4800,53.1800,52.4750,52.8300,131056
2019-12-24,52.8200,52.9200,52.2700,52.4200,83921
2019-12-23,53.0200,53.0200,52.4700,52.7400,275078
2019-12-20,52.7900,53.1000,52.4000,52.7000,522206
2019-12-19,51.4500,52.4000,51.1100,52.2800,536502
2019-12-18,51.5200,52.1300,51.4700,51.5900,391783
2019-12-17,51.2700,51.6300,51.0000,51.3000,309604
2019-12-16,50.1500,51.4000,50.1250,51.2600,456192
2019-12-13,49.0300,50.0250,48.8500,49.8200,257888
2019-12-12,50.4600,51.1500,48.9400,49.0000,372780
2019-12-11,51.4800,51.4800,50.1050,50.7000,402391
2019-12-10,51.0600,52.0100,51.0400,51.3200,427880
2019-12-09,51.8600,52.3050,51.5500,51.7400,216336
2019-12-06,52.3900,52.9216,51.7750,51.9100,378397
2019-12-05,52.1200,52.6600,51.4600,52.5200,234279
2019-12-04,52.6100,52.6100,51.5100,52.2000,421276
2019-12-03,51.4600,52.1050,50.8500,52.0800,400140
2019-12-02,53.8200,53.8200,51.5550,52.4500,563524
2019-11-29,53.7800,54.1550,53.3500,53.8200,129780
2019-11-27,54.3900,54.3900,53.5000,53.9600,305162
2019-11-26,54.2100,54.8000,53.8200,54.0200,554169
2019-11-25,53.1500,55.0000,53.1500,54.2400,410432
2019-11-22,52.6000,53.2500,52.3500,52.9900,271485
2019-11-21,53.1900,53.9700,52.5700,52.7000,269106
2019-11-20,53.0000,54.0000,52.4200,53.1900,412264
2019-11-19,52.9000,53.4000,52.2300,53.0900,315978
2019-11-18,51.7600,53.1000,51.7600,52.8750,350857
2019-11-15,51.0900,52.6242,50.7700,52.4600,465391
2019-11-14,50.4800,51.0600,50.0600,50.7900,416795
2019-11-13,50.0200,50.5600,49.2000,50.4700,559511
2019-11-12,49.5300,50.5900,49.3400,50.4000,239286
2019-11-11,48.8800,50.3500,48.0300,49.6500,461933
2019-11-08,49.6700,50.0000,47.5900,49.5000,431323
2019-11-07,51.0100,52.6200,48.4000,49.7100,1201977
2019-11-06,47.2300,48.1100,46.4700,47.5000,727426
2019-11-05,47.1600,47.3600,46.2300,47.2300,394960
2019-11-04,47.1900,47.5500,46.0600,46.7800,392536
2019-11-01,47.0100,47.5200,46.0100,46.7600,330541
2019-10-31,47.3000,47.6700,46.4900,46.7400,361599
2019-10-30,47.0400,47.9200,46.5300,47.6400,232688
2019-10-29,47.5600,48.1700,46.5100,46.7800,220920
2019-10-28,48.1600,48.4800,47.3300,47.6500,235281
2019-10-25,48.0800,48.3300,47.2300,47.8600,288752
2019-10-24,46.8300,48.1900,46.3150,48.1500,459780
2019-10-23,46.0500,47.7200,46.0500,46.3700,291975
2019-10-22,47.4800,48.0700,45.8900,46.1400,342898
2019-10-21,46.9300,47.7700,46.3600,47.5500,236300
2019-10-18,46.5100,46.9700,45.0500,46.3600,570119
2019-10-17,47.0000,47.2500,46.5300,46.8300,253170
2019-10-16,48.2300,48.2300,46.6100,46.7900,456313
2019-10-15,48.3000,49.0600,48.1800,48.5400,319429
2019-10-14,47.5500,48.5200,47.0900,48.2800,229672
2019-10-11,47.2000,48.7400,47.0300,47.8300,425649
2019-10-10,47.4300,47.7000,46.1900,46.5100,291819
2019-10-09,47.0700,48.0400,46.8400,47.4600,256725
2019-10-08,47.3700,47.5800,46.3700,46.7700,321389
2019-10-07,47.8100,48.2700,47.1800,47.8000,566113
2019-10-04,48.0000,48.5800,46.7600,47.5000,643768
2019-10-03,46.1700,47.9700,45.4600,47.8500,389530
2019-10-02,46.6200,46.8100,45.3100,46.1500,742175
2019-10-01,48.1700,48.5000,46.5800,46.7000,703549
2019-09-30,47.3800,48.1700,46.6650,47.8100,402980
2019-09-27,47.8300,49.0500,46.4200,47.0200,497580
2019-09-26,47.5800,47.7900,46.4900,47.6800,325900
2019-09-25,47.1600,47.7800,45.7400,47.6400,784950
2019-09-24,48.0700,48.1400,46.6400,47.4100,620092
2019-09-23,48.6300,48.8200,47.4400,47.9800,590887
2019-09-20,49.9100,50.6000,48.2050,48.6200,1033379
2019-09-19,49.8100,51.4300,49.7100,49.8400,578896
2019-09-18,50.3800,50.5800,48.7800,50.2700,1016595
2019-09-17,49.7500,50.8350,49.1425,50.6300,736650
2019-09-16,48.2000,50.0900,47.8000,49.4900,709119
2019-09-13,51.8100,51.8100,48.2100,48.6200,800321
2019-09-12,50.9500,52.1800,50.3900,51.8600,872258
2019-09-11,49.8000,50.7800,48.7800,50.4400,530663
2019-09-10,47.3200,49.5400,46.6300,49.5200,816977
2019-09-09,52.2200,52.3350,47.3800,47.7700,816351
2019-09-06,52.7000,53.3100,51.7000,51.8200,454153
2019-09-05,52.2800,52.6700,51.5200,52.5300,391678
2019-09-04,51.8100,52.4650,51.3500,51.9900,355226
2019-09-03,51.0200,51.5600,50.3600,51.1300,496532
2019-08-30,51.9100,51.9900,50.3800,50.9300,210616
2019-08-29,51.4000,52.1500,51.0000,51.4800,473818
2019-08-28,49.9500,50.6900,48.6700,50.5000,433840
2019-08-27,50.8700,51.3200,49.6200,50.1700,309602
2019-08-26,50.6300,50.6300,49.3300,50.4200,283179
2019-08-23,50.7800,51.7950,49.8100,50.0100,480419
2019-08-22,50.7800,51.3900,50.1650,50.7700,561161
2019-08-21,51.5400,51.8100,50.5727,50.7000,328246
2019-08-20,51.3000,51.5570,50.5900,51.0400,407989
2019-08-19,50.4400,51.5000,50.0800,51.2600,633327
2019-08-16,50.7900,51.1500,49.9200,50.0100,866659
2019-08-15,51.3800,52.8373,50.5600,50.6000,582574
2019-08-14,51.5600,52.1500,50.8600,50.8900,691019
2019-08-13,52.1200,53.2900,50.8272,52.1700,779098
2019-08-12,51.7100,52.9000,51.5500,52.5300,928394
2019-08-09,52.5000,53.0000,51.2200,51.9600,2486348
2019-08-08,53.0500,55.0000,53.0400,53.3800,1467015
2019-08-07,52.6500,55.0400,52.4170,54.7500,430761
2019-08-06,53.8000,54.8300,52.6900,53.2500,778810
2019-08-05,54.7400,55.0800,53.0300,53.0800,1646459
2019-08-02,50.0000,56.2900,48.9100,56.0100,2161671
2019-08-01,44.5000,45.6223,42.2300,42.5400,1183578
2019-07-31,45.4500,45.6950,43.9100,44.6000,582280
2019-07-30,45.5100,46.0600,45.1900,45.5900,425442
2019-07-29,47.2000,47.2100,45.0700,45.6300,440457
2019-07-26,46.6700,47.6600,46.5700,47.1900,409788
2019-07-25,48.0500,48.2300,46.4200,46.4600,488085
2019-07-24,46.6400,48.4000,46.6400,48.3500,289907
2019-07-23,47.9200,47.9200,46.3700,47.0500,328008
2019-07-22,48.5300,48.7650,47.4400,47.5300,387041
2019-07-19,49.1200,49.5500,48.2400,48.2600,393496
2019-07-18,49.8500,49.8700,48.9700,49.0600,319123
2019-07-17,49.2300,50.3700,49.1900,49.7300,328636
2019-07-16,49.7400,50.5901,49.0500,49.2300,198128
2019-07-15,49.7000,50.0900,49.1100,49.5700,177527
2019-07-12,49.6600,50.0000,49.0400,49.7100,255972
2019-07-11,49.6100,49.7000,48.9050,49.3200,308119
2019-07-10,50.1700,50.9800,48.9400,49.3700,511343
2019-07-09,48.7900,50.3000,48.5200,49.5700,502242
2019-07-08,49.2300,49.5750,48.6400,49.2100,805476
2019-07-05,49.4000,49.5900,48.1600,49.5400,477635
2019-07-03,49.3400,49.9400,49.1200,49.6700,447920
2019-07-02,48.7300,49.8300,46.6300,49.2600,1438135
2019-07-01,54.0900,54.6900,52.6900,53.2400,421861
2019-06-28,53.7200,54.5900,53.1300,53.5100,1381596
2019-06-27,52.6300,53.9600,52.4700,53.4700,262833
2019-06-26,52.8600,54.2600,51.6400,51.7200,525546
2019-06-25,54.2400,54.6850,52.5000,52.6800,458923
2019-06-24,55.0000,55.2535,53.8000,53.9300,434601
2019-06-21,54.7800,56.0400,54.3900,54.6200,937245
2019-06-20,53.4700,55.1600,53.4700,55.0600,745117
2019-06-19,50.1400,52.3300,49.9000,52.3100,835499
2019-06-18,50.7100,51.0200,50.1000,50.2000,843757
2019-06-17,49.2000,51.4000,49.2000,49.6600,829823
2019-06-14,50.3600,50.3600,48.8900,48.9600,405471
2019-06-13,50.8100,51.8989,50.4200,50.8500,233668
2019-06-12,49.4400,50.4600,49.0200,50.3900,480742
2019-06-11,52.0000,52.2500,49.2200,49.5700,344657
2019-06-10,51.4600,53.5900,51.4300,51.5800,834493
2019-06-07,50.5100,51.5600,50.1000,50.8800,413234
2019-06-06,50.0000,50.7100,48.7200,50.3500,716324
2019-06-05,50.5300,50.7900,49.2700,49.9900,585521
2019-06-04,49.3400,50.8800,48.5000,50.5200,489874
2019-06-03,51.4800,51.8800,48.3900,48.5500,605477
2019-05-31,51.2100,52.1150,50.7000,51.4100,249340
2019-05-30,51.9800,52.5600,51.3600,51.9100,305338
2019-05-29,52.5100,52.9951,51.3400,51.7100,297951
2019-05-28,52.1000,53.9100,52.0600,53.0100,367765
2019-05-24,51.4600,52.7100,51.4000,51.8500,185133
2019-05-23,51.1900,51.4500,50.5300,51.0400,309199
2019-05-22,51.6700,52.9850,51.0300,52.1700,292553
2019-05-21,49.8900,51.7700,49.5000,51.7600,328688
2019-05-20,49.8800,50.5600,48.5900,50.4600,224913
2019-05-17,49.6400,50.7200,49.1900,50.1500,236134
2019-05-16,48.8600,50.4700,48.8600,50.1900,199160
2019-05-15,47.3600,48.9600,46.8800,48.6500,203591
2019-05-14,47.2100,48.0925,47.0700,47.7500,188642
2019-05-13,48.0400,48.8900,46.6500,46.7100,302905
2019-05-10,48.2500,50.0750,47.8000,50.0400,373377
2019-05-09,47.5400,48.8950,46.8050,48.6500,312612
2019-05-08,47.6200,48.5300,47.3600,47.9600,318234
2019-05-07,47.3500,48.1100,46.9800,47.8400,742759
2019-05-06,48.3100,49.4600,47.6750,48.2600,1549498
2019-05-03,50.0600,50.9500,48.8600,49.7500,1593628
2019-05-02,51.6600,53.4000,51.4100,53.2800,860345
2019-05-01,51.3900,51.9100,50.7500,51.6100,763317
2019-04-30,50.2600,51.1800,50.1100,51.0800,534642
2019-04-29,49.5800,50.8500,49.4540,50.3000,477000
2019-04-26,48.6300,49.4100,48.4000,49.4000,238877
2019-04-25,48.1500,49.0200,47.6100,48.6400,431093
2019-04-24,48.4700,48.6300,47.8270,48.0000,541994
2019-04-23,47.5300,48.5800,47.3900,48.2200,303267
2019-04-22,47.3800,48.1600,47.1550,47.3200,287663
2019-04-18,48.3400,48.6900,47.3900,47.6000,525335
2019-04-17,49.0000,49.0000,47.7200,48.6000,619697
2019-04-16,48.4900,49.2800,48.1700,48.8600,594840
2019-04-15,47.0200,48.3900,47.0200,48.2300,410435
2019-04-12,47.7400,47.7400,46.8200,46.9700,125720
2019-04-11,47.2400,47.7500,46.9000,47.4400,276598
2019-04-10,46.1500,47.6300,46.1500,47.1900,308469
2019-04-09,46.0100,46.7300,45.8400,46.1600,265121
2019-04-08,46.0100,46.4400,45.0000,46.2900,366688
2019-04-05,45.3200,46.5000,45.0600,46.3300,443966
2019-04-04,46.2400,46.3700,44.0750,45.2400,595279
2019-04-03,45.8500,46.6500,45.7350,46.1200,244426
2019-04-02,46.1100,46.4400,45.1400,45.8000,406229
2019-04-01,46.8400,47.1700,45.8800,46.1000,274227
2019-03-29,46.4200,46.6300,45.6900,46.3200,251629
2019-03-28,45.6000,46.0700,44.6850,46.0000,257742
2019-03-27,46.4800,46.7700,44.1550,45.4700,439842
2019-03-26,47.9000,48.0400,46.2500,46.8100,691089
2019-03-25,46.7200,47.6700,46.4900,47.3600,316002
2019-03-22,48.4700,48.6450,46.1975,47.0500,538123
2019-03-21,47.9600,48.9000,47.6700,48.9000,385953
2019-03-20,47.7800,48.4100,47.1900,48.1200,365124
2019-03-19,46.9000,48.0300,46.2200,47.9400,382681
2019-03-18,47.4200,48.1400,46.2300,46.7000,304442
2019-03-15,47.0600,47.9400,46.6200,47.5200,980169
2019-03-14,47.0800,47.8300,45.7253,46.8300,421816
2019-03-13,47.9000,48.5700,47.0900,47.2000,710218
2019-03-12,47.5100,48.1650,46.8300,47.7900,497293
2019-03-11,46.5000,47.8300,46.5000,47.4700,599968
2019-03-08,46.3600,47.3000,45.8900,46.3700,500621
2019-03-07,46.1300,47.6400,46.1000,46.4800,508514
2019-03-06,48.1900,48.4900,46.3300,46.3400,956841
2019-03-05,48.0000,48.5000,46.8700,48.2500,3243947
2019-03-04,51.9600,52.5000,49.5500,49.8500,592431
2019-03-01,52.8400,52.8400,51.8600,51.8700,703808
2019-02-28,53.9800,53.9800,52.2000,52.3400,533572
2019-02-27,53.0400,54.1300,52.6500,53.9500,332586
2019-02-26,52.3800,53.3100,52.1600,53.2500,328210
2019-02-25,52.3600,53.1330,52.0800,52.5400,231082
2019-02-22,51.1700,52.2500,50.5600,52.1600,249506
2019-02-21,50.9800,51.4200,50.5300,50.9300,300581
2019-02-20,50.7800,51.5700,49.4800,51.2800,319530
2019-02-19,51.6500,51.9000,50.8000,51.3300,425335
2019-02-15,50.0400,52.9568,47.6607,51.4900,898237
2019-02-14,48.7700,49.4300,48.2800,49.2400,470186
2019-02-13,48.6000,48.9100,48.1950,48.4500,357377
2019-02-12,48.4000,48.6800,48.1500,48.6000,324139
2019-02-11,48.0400,48.1700,47.3900,47.8200,528635
2019-02-08,47.0500,47.7500,47.0500,47.6000,322471
2019-02-07,47.6700,48.2700,46.6100,47.5500,293118
2019-02-06,48.6100,49.2200,47.3600,48.2600,295134
2019-02-05,48.7200,49.4499,48.3300,48.5500,503506
2019-02-04,48.9900,49.4800,48.5000,48.9200,388511
2019-02-01,47.9300,49.1900,47.7300,48.5300,530286
2019-01-31,45.1700,47.7500,45.1700,47.5800,666277
2019-01-30,44.4500,45.3500,44.1650,45.1300,316768
2019-01-29,44.8700,45.1100,43.7750,44.0200,329946
2019-01-28,44.9500,45.3800,44.4900,45.0200,196767
2019-01-25,45.6300,46.7700,45.4500,45.5400,295792
2019-01-24,44.4900,45.5400,44.0900,45.0600,226797
2019-01-23,44.1000,45.0600,43.1500,44.3600,242169
2019-01-22,44.7000,45.6900,43.3200,43.9800,773139
2019-01-18,45.2000,47.4000,45.0500,46.7900,838006
2019-01-17,44.2100,45.5100,44.2100,45.1000,164122
2019-01-16,44.0800,45.3500,43.7500,44.4200,405891
2019-01-15,41.9700,44.2400,41.9700,44.2000,238646
2019-01-14,42.3600,42.3600,41.4900,42.0000,213500
2019-01-11,42.8800,43.1800,42.2500,42.6700,197274
2019-01-10,42.3900,43.2850,42.0600,43.0400,226459
2019-01-09,43.0800,43.2200,42.0900,42.8000,386775
2019-01-08,42.7800,43.3200,42.0100,42.7500,249888
2019-01-07,40.6200,42.8300,40.2000,42.4900,386243
2019-01-04,40.2900,41.4700,39.7500,40.5900,338407
2019-01-03,40.2300,40.9850,38.4000,39.4300,376942
2019-01-02,40.1100,41.0700,39.5148,40.8200,400860
2018-12-31,40.5200,41.4900,40.2100,40.9500,250237
2018-12-28,40.8900,41.0900,39.3900,40.3000,276778
2018-12-27,39.4000,40.6400,38.9200,40.5700,486516
2018-12-26,37.8500,40.1400,37.5800,39.9900,327053
2018-12-24,38.1400,38.3700,36.8500,37.3800,190317
2018-12-21,39.6700,39.6700,37.2400,38.4300,993625
2018-12-20,39.5000,40.4000,37.8831,39.3500,754615
2018-12-19,39.6800,40.9100,38.8320,39.6000,495720
2018-12-18,38.9800,40.1300,38.9800,39.6500,517708
2018-12-17,39.1600,39.6700,37.2401,38.6100,569953
2018-12-14,39.0700,40.1900,38.3000,39.5100,384871
2018-12-13,40.6200,41.4400,38.8800,39.5000,422268
2018-12-12,40.6100,41.3000,39.7400,40.3800,276418
2018-12-11,41.0200,41.9300,39.3700,39.7300,325852
2018-12-10,39.6000,41.0700,39.5800,40.4000,226733
2018-12-07,41.1500,41.8700,39.0600,39.7900,296244
2018-12-06,40.9500,41.7200,40.0000,41.6100,302968
2018-12-04,43.1100,43.5500,41.2000,41.8400,523261
2018-12-03,44.1800,44.1800,42.2600,43.6100,436409
2018-11-30,42.6000,43.7700,41.8400,42.8700,373531
2018-11-29,41.6300,43.1700,41.3000,42.6000,551135
2018-11-28,39.5600,42.1000,39.1100,41.8300,773539
2018-11-27,39.3100,39.8650,38.5200,39.0400,630537
2018-11-26,39.4100,40.4700,39.0400,39.6900,427558
2018-11-23,38.3500,39.5000,38.3100,38.8500,211843
2018-11-21,36.9900,39.3900,36.7199,38.7700,647611
2018-11-20,34.8400,36.9200,34.0101,36.3800,713572
2018-11-19,37.0000,37.7150,35.0600,35.6100,994096
2018-11-16,38.5100,38.7300,36.9600,36.9900,874315
2018-11-15,38.8100,39.7800,37.8500,39.0400,951091
2018-11-14,41.2200,41.7500,38.7000,38.8000,381379
2018-11-13,40.5500,41.8250,40.2000,40.6100,318285
2018-11-12,42.0000,42.3311,40.4900,40.5400,249289
2018-11-09,42.6600,42.7100,40.4100,42.1200,479955
2018-11-08,45.0000,45.7600,43.2700,43.3200,496300
2018-11-07,41.5200,45.4100,41.5200,45.1800,706215
2018-11-06,42.0100,42.8200,40.7000,41.1500,653814
2018-11-05,42.6900,43.5716,41.7200,41.8700,787982
2018-11-02,46.4800,46.7600,41.6500,42.5100,2089177
2018-11-01,46.6100,47.1900,45.0000,47.0100,486085
2018-10-31,46.0400,47.6300,45.7000,46.3800,354145
2018-10-30,41.8400,45.2600,41.7100,45.2000,482390
2018-10-29,43.8500,44.6000,40.9000,41.8100,509162
2018-10-26,42.1700,43.3300,40.9500,42.6600,232822
2018-10-25,42.1300,43.6900,42.1200,43.2500,371735
2018-10-24,43.7500,44.0400,41.4000,41.6200,305737
2018-10-23,43.9600,44.0100,42.7700,43.7600,321440
2018-10-22,43.4500,44.8900,42.4300,44.4700,344098
2018-10-19,44.6600,45.8500,43.3000,43.4000,331662
2018-10-18,45.1200,45.8300,44.4000,44.7800,308769
2018-10-17,45.1600,45.6000,44.3100,45.5900,214143
2018-10-16,43.9800,45.6900,43.9400,45.4300,301575
2018-10-15,44.6700,44.7900,43.0500,43.2200,385900
2018-10-12,44.4100,45.8600,44.4100,44.7700,641352
2018-10-11,42.4800,44.2600,42.4800,43.3200,556867
2018-10-10,46.1300,46.1400,42.8400,42.9700,789561
2018-10-09,47.9000,49.0800,46.0200,46.1200,504663
2018-10-08,50.5200,50.5600,47.0800,48.2400,708251
2018-10-05,52.8500,53.5900,49.8900,50.8700,377660
2018-10-04,53.5400,53.6700,52.0850,52.7200,169257
2018-10-03,52.6500,54.0200,52.2950,53.7000,286728
2018-10-02,55.4700,55.4700,52.2500,52.3300,343943
2018-10-01,56.8700,56.8700,55.1500,55.4900,323659
2018-09-28,55.7600,56.9200,54.9290,56.4700,220483
2018-09-27,57.1500,57.9000,55.9500,55.9900,282629
2018-09-26,57.5700,58.1100,56.5300,56.9500,297502
2018-09-25,55.9300,57.8300,55.8400,57.0900,476930
2018-09-24,54.9600,56.2300,54.4050,55.7900,305683
2018-09-21,55.4500,56.2600,55.1550,55.4000,574465
2018-09-20,54.6000,55.8000,53.7000,55.4400,253795
2018-09-19,55.4900,55.7600,54.1350,54.4400,328593
2018-09-18,55.5300,55.8300,54.9600,55.5400,221319
2018-09-17,56.5000,56.5000,54.4500,54.7300,277879
2018-09-14,54.7000,57.0900,54.5203,56.5900,481390
2018-09-13,55.6100,55.7000,54.0300,54.2900,297595
2018-09-12,55.6800,55.6800,54.3600,54.9000,311953
2018-09-11,55.4000,56.2650,55.0900,55.8100,272549
2018-09-10,55.2300,56.0300,54.3200,55.5200,349649
2018-09-07,53.9100,56.4400,53.5800,55.0400,431177
2018-09-06,52.6000,54.6400,52.3200,54.5400,334582
2018-09-05,53.2100,53.3700,51.2780,52.6400,337178
2018-09-04,52.7700,53.3200,51.8100,53.2600,774054
2018-08-31,52.1100,52.8500,51.7100,52.7600,344243
2018-08-30,52.7100,53.0300,51.9100,52.4100,267726
2018-08-29,52.6400,53.7600,52.4400,52.6300,335892
2018-08-28,52.5000,52.7000,51.6500,52.4500,218369
2018-08-27,51.9800,52.6900,51.0000,52.2000,453215
2018-08-24,49.9500,51.9500,49.9500,51.4900,776517
2018-08-23,49.1400,51.1750,48.6900,49.9200,1537355
2018-08-22,48.6400,49.8950,48.6400,49.0800,389244
2018-08-21,48.1200,49.5200,48.1200,48.6700,362739
2018-08-20,46.7800,48.0950,46.3100,47.9200,380472
2018-08-17,46.4700,46.8800,45.9900,46.5600,165930
2018-08-16,47.2100,48.0100,46.5000,46.6400,213096
2018-08-15,46.8800,47.2000,46.1000,46.9900,431849
2018-08-14,46.8300,47.2000,46.2900,47.0000,236526
2018-08-13,48.1700,48.1700,46.4700,46.5800,380261
2018-08-10,47.0600,48.1800,46.8200,47.6400,500569
2018-08-09,48.4700,49.1050,47.7200,47.7500,481220
2018-08-08,48.7700,49.2100,48.3700,48.5400,454718
2018-08-07,47.5800,49.1700,47.1900,49.0400,533352
2018-08-06,47.0000,48.5200,46.2279,48.2500,397789
2018-08-03,45.0800,49.2600,45.0000,47.0700,924076
2018-08-02,43.3500,46.2500,43.3500,45.5400,553486
2018-08-01,42.8500,43.6000,42.8300,43.2800,296312
2018-07-31,43.9000,44.1000,42.5400,42.7000,469344
2018-07-30,46.2500,46.4800,43.6000,43.6900,410120
2018-07-27,47.6600,48.2600,46.0900,46.4000,296369
2018-07-26,47.7900,48.1300,47.0200,47.4900,247060
2018-07-25,46.5100,48.1300,46.5100,47.9200,144470
2018-07-24,48.0200,48.6000,46.4100,46.6200,239951
2018-07-23,46.8400,48.1500,46.3627,47.9000,279374
2018-07-20,47.0500,47.1700,46.5900,47.0300,190512
2018-07-19,46.7100,47.1300,46.4500,46.9000,278539
2018-07-18,47.2500,47.8000,46.7700,47.0000,156137
2018-07-17,46.4400,47.5299,46.1700,47.2000,172768
2018-07-16,47.1200,47.4600,46.3700,46.6400,146638
2018-07-13,47.0800,47.3500,46.5200,46.9600,208258
2018-07-12,45.4000,47.2000,45.4000,47.1700,193463
2018-07-11,44.9500,45.4400,44.2500,45.3000,205659
2018-07-10,45.4100,46.2521,45.1501,45.3100,224418
2018-07-09,45.5600,45.9399,44.5200,45.2400,253058
2018-07-06,44.7800,45.7000,44.6400,45.1800,211133
2018-07-05,45.1600,45.2600,44.0700,44.9200,193428
2018-07-03,44.4900,44.9900,43.9200,44.7400,119704
2018-07-02,43.1100,44.4500,43.0400,44.4500,220764
2018-06-29,44.0900,44.2300,42.9800,43.4300,240732
2018-06-28,42.7700,44.1000,42.3900,43.9500,326011
2018-06-27,44.3500,44.6395,42.7900,42.8200,431053
2018-06-26,44.5500,45.3200,44.2100,44.2900,324435
2018-06-25,46.5600,46.9600,44.2300,44.5500,541909
2018-06-22,48.1900,49.3390,46.5500,46.9000,1155763
2018-06-21,49.5000,49.8050,47.7000,48.0300,297249
2018-06-20,48.6800,49.5000,48.2200,49.1200,298446
2018-06-19,49.0300,49.2700,47.6800,48.4700,259704
2018-06-18,49.6300,49.7900,48.6400,49.2700,344393
2018-06-15,48.5600,49.9700,48.3300,49.7900,439148
2018-06-14,48.9400,50.3100,48.4200,48.8600,539697
2018-06-13,47.6300,49.8600,47.5100,48.9100,1201486
2018-06-12,44.4200,47.7800,44.2000,47.4800,829643
2018-06-11,43.7600,44.6100,43.5700,44.5500,529229
2018-06-08,42.9000,44.0400,42.5700,43.6200,243594
2018-06-07,44.5000,44.6499,42.5900,42.9000,282344
2018-06-06,43.9100,44.4500,43.3700,44.4200,196145
2018-06-05,43.8700,44.6500,43.6600,43.7300,432463
2018-06-04,42.5700,44.0200,42.5700,43.9700,378717
2018-06-01,41.7900,42.8100,41.5903,42.6400,289754
2018-05-31,40.5600,41.6300,40.4200,41.6200,427456
2018-05-30,40.6700,41.1300,40.0100,40.5700,389619
2018-05-29,40.2400,40.4600,39.6900,40.3800,695091
2018-05-25,40.3700,40.8300,40.1100,40.2400,361710
2018-05-24,39.9900,40.4900,39.7900,40.3700,742596
2018-05-23,39.6900,40.4500,39.0800,39.9600,2613850
2018-05-22,41.8900,41.9900,40.9300,40.9300,173840
2018-05-21,41.1000,41.6600,41.0200,41.6300,250422
2018-05-18,39.5200,41.3800,39.0800,41.1400,408022
2018-05-17,39.6500,40.0800,39.0600,39.5200,205185
2018-05-16,40.1400,40.2100,39.4100,39.6500,280840
2018-05-15,40.4400,40.4400,39.0100,39.9700,431983
2018-05-14,41.7900,42.1100,40.4400,40.4750,287315
2018-05-11,42.2800,42.4799,41.5300,41.6000,352729
2018-05-10,41.5500,42.6000,41.2300,42.4700,294621
2018-05-09,40.4800,41.3900,40.3600,41.3700,191441
2018-05-08,40.5000,41.0050,40.1650,40.5000,369094
2018-05-07,41.0700,41.3400,40.4150,40.7400,405042
2018-05-04,40.7000,41.6990,37.8400,40.8150,1065181
2018-05-03,41.8000,43.1700,41.4200,42.8400,380102
2018-05-02,41.7500,42.1700,41.5300,42.0100,215716
2018-05-01,41.5000,41.7000,40.6225,41.5700,180957
2018-04-30,41.0800,41.7200,40.9000,41.4000,615890
2018-04-27,41.4500,41.4500,40.6600,40.9700,153068
2018-04-26,41.2100,41.6700,40.9700,41.3100,164019
2018-04-25,40.9500,41.2400,39.8100,41.0400,287467
2018-04-24,41.2700,41.5500,40.5864,41.0500,526466
2018-04-23,41.0800,41.6800,40.7250,40.9700,221066
2018-04-20,41.2400,41.5300,40.6200,41.0600,224678
2018-04-19,41.1100,41.5900,40.8800,41.4600,295172
2018-04-18,41.3700,41.7500,41.1100,41.2500,338367
2018-04-17,40.8300,41.5400,40.8000,41.3600,430587
2018-04-16,40.5400,40.8900,40.1900,40.6100,429390
2018-04-13,40.2600,40.3000,39.6300,40.2400,325825
2018-04-12,39.9600,40.2400,39.2100,40.0500,269698
2018-04-11,39.1800,39.6300,38.5240,39.6300,329989
2018-04-10,38.4300,39.3700,38.1300,39.2900,448716
2018-04-09,38.4500,38.8550,38.2200,38.2600,302768
2018-04-06,38.3500,39.0400,37.8700,38.3300,956687
2018-04-05,40.2700,40.2700,38.6600,38.7800,331601
2018-04-04,38.0900,38.9500,37.9450,38.8100,485749
2018-04-03,38.4100,38.5400,37.8600,38.4600,551477
2018-04-02,38.8200,38.9250,37.8700,38.0000,657884
2018-03-29,38.9700,39.7300,38.8300,39.2100,461953
2018-03-28,38.9500,39.5300,38.5200,38.9500,742762
2018-03-27,39.8000,39.8000,38.7400,38.9500,742643
2018-03-26,39.1100,39.7400,38.4500,39.5500,716044
2018-03-23,39.4800,39.8000,38.6400,38.6400,617713
2018-03-22,39.7600,40.1879,39.2900,39.4700,320704
2018-03-21,39.5300,40.3500,39.2650,40.0200,876335
2018-03-20,38.4500,39.8000,38.2400,39.6200,652823
2018-03-19,39.0100,39.2900,38.0300,38.3900,860086
2018-03-16,39.9700,40.4500,39.4100,40.4000,2587395
2018-03-15,40.2900,40.6700,39.2800,39.7000,1043108
2018-03-14,40.0300,40.9500,39.6000,40.1500,1313624
2018-03-13,40.9200,41.2200,39.9800,40.0000,4878283
2018-03-12,44.5300,45.0000,43.6501,43.6700,631221
2018-03-09,44.5000,44.9823,43.9600,44.3100,371986
2018-03-08,44.3800,45.0000,44.0300,44.4500,264261
2018-03-07,44.1000,44.5700,42.7900,44.2400,270232
2018-03-06,44.4000,45.0000,43.9600,44.4100,270411
2018-03-05,43.8600,44.7800,42.7300,44.2700,501930
2018-03-02,43.4800,45.1920,42.5224,45.0500,427572
2018-03-01,44.1300,44.1300,42.9000,43.8100,480603
2018-02-28,43.3000,44.7100,43.0700,44.0000,652555
2018-02-27,41.5900,43.4800,41.4000,43.1800,661645
2018-02-26,40.0000,41.7850,39.9900,41.3700,518931
2018-02-23,40.5800,40.7400,39.5300,40.1900,635968
2018-02-22,40.3000,41.0000,40.2100,40.3100,424805
2018-02-21,40.7900,41.4700,40.2700,40.2900,556995
2018-02-20,38.5500,41.3800,38.2600,40.7500,960149
2018-02-16,37.1500,39.6400,36.7000,39.0400,1448407
2018-02-15,33.6000,34.8900,33.3100,34.6500,622613
2018-02-14,32.8800,33.9999,32.8800,33.5100,460195
2018-02-13,33.1900,33.4000,32.5100,33.1300,429634
2018-02-12,32.7000,33.6900,32.5000,33.5000,533971
2018-02-09,33.0300,33.3700,32.0779,32.5700,588513
2018-02-08,33.3800,33.5400,32.6500,32.7700,421682
2018-02-07,32.5000,33.6000,32.5000,33.3300,342706
2018-02-06,32.0000,32.8000,32.0000,32.6000,405900
2018-02-05,33.0000,33.2250,32.1400,32.3800,384782
2018-02-02,32.9300,33.2500,32.1950,32.9800,288744
2018-02-01,33.1100,33.8500,32.9600,33.2200,329769
2018-01-31,32.9900,33.3890,32.8100,33.2300,239066
2018-01-30,32.6800,33.1200,32.5100,32.8100,296605
2018-01-29,33.2100,33.4800,31.5300,32.9400,870136
2018-01-26,33.4700,34.1300,32.1150,33.6200,332861
2018-01-25,32.1000,33.4700,32.0000,33.3500,497940
2018-01-24,34.5300,34.6800,33.8900,34.2500,201881
2018-01-23,34.8700,34.8700,34.0800,34.4200,190778
2018-01-22,34.7500,35.0000,34.4900,34.8600,177145
2018-01-19,34.6100,34.9900,34.3600,34.6000,162105
2018-01-18,34.8800,34.9099,34.0400,34.6000,141909
2018-01-17,35.0200,35.4900,34.6300,34.8500,171227
2018-01-16,35.0800,35.5900,34.7129,34.7900,136096
2018-01-12,34.9800,35.1700,34.5900,34.9000,147431
2018-01-11,34.4300,35.0000,34.0350,34.8700,139647
2018-01-10,34.4300,34.7200,34.0600,34.3100,122974
2018-01-09,34.2800,34.6275,33.9200,34.4600,298236
2018-01-08,35.0100,35.0100,34.1500,34.3200,196891
2018-01-05,35.0200,35.4800,34.2010,35.0000,209542
2018-01-04,33.6400,35.3500,33.6400,34.9500,420774
2018-01-03,33.3300,33.5000,32.9000,33.3700,309021
2018-01-02,32.8400,33.7800,32.8400,33.4100,613648
2017-12-29,34.0900,34.0900,32.7600,32.8000,746829
2017-12-28,34.4200,34.8000,33.7600,33.8900,688648
2017-12-27,35.1400,35.2000,34.1500,34.6700,359880
2017-12-26,34.9300,35.3650,34.7600,35.1600,229535
2017-12-22,34.8400,35.3200,34.8250,35.0400,762284
2017-12-21,35.0000,35.3300,34.7050,35.0200,750630
2017-12-20,35.0800,35.0800,34.3450,34.8800,183935
2017-12-19,34.7200,35.2500,34.5786,34.9200,428863
2017-12-18,35.0100,35.2900,34.6000,34.7200,405890
2017-12-15,34.8600,35.3800,34.6001,34.7400,270397
2017-12-14,34.5000,35.5900,34.4500,34.7800,194195
2017-12-13,34.6400,35.0580,34.2500,34.9000,159842
2017-12-12,34.9700,35.4000,34.4900,34.6200,243128
2017-12-11,34.7300,35.2350,34.5100,35.0400,469301
2017-12-08,34.5100,34.8950,34.0200,34.6700,224922
2017-12-07,33.2700,35.0700,33.2700,34.3500,303415
2017-12-06,34.1700,34.5400,33.0200,33.2300,395939
2017-12-05,33.9400,34.9700,33.4300,34.0000,1689048
2017-12-04,36.1800,36.6000,35.2100,35.8000,310813
2017-12-01,36.2500,36.6100,35.2750,36.1300,257488
2017-11-30,36.4900,37.3700,36.2600,36.6700,183936
2017-11-29,38.3100,38.3450,35.9200,36.4500,275412
2017-11-28,38.1600,38.5000,37.7800,38.3300,112790
2017-11-27,38.1900,38.9086,37.9700,38.1100,259511
2017-11-24,38.5600,39.0000,38.5200,38.8000,52977
2017-11-22,38.4900,38.7700,38.1700,38.5400,147793
2017-11-21,37.6400,38.4800,37.5300,38.2800,126412
2017-11-20,37.2700,37.5500,36.5200,37.4800,203478
2017-11-17,37.6600,38.4050,37.1700,37.2400,248905
2017-11-16,35.3500,38.6850,35.3500,37.5300,677314
2017-11-15,34.8100,36.0000,34.8100,35.7700,149808
2017-11-14,35.5600,35.9550,34.9800,35.6900,102180
2017-11-13,35.7900,35.8600,35.2200,35.5800,127677
2017-11-10,35.3000,36.1500,34.6300,36.1200,202654
2017-11-09,34.8600,35.4700,34.4600,35.2700,134460
2017-11-08,34.7600,35.2900,34.2300,35.2100,108176
2017-11-07,34.6500,35.6900,34.5000,34.6200,160243
2017-11-06,34.1000,35.6700,34.0200,35.5400,296216
2017-11-03,34.7600,35.4700,33.3700,34.3000,508367
2017-11-02,35.2700,35.4000,34.6300,35.0800,468555
2017-11-01,35.6000,35.6000,34.0400,35.2500,244246
2017-10-31,35.0000,35.8400,34.7800,35.5200,162578
2017-10-30,35.0000,35.6100,34.7900,34.8200,295465
2017-10-27,34.6700,35.3800,34.4500,35.2600,163484
2017-10-26,34.5800,34.9000,34.0300,34.3700,93580
2017-10-25,34.0700,35.1590,33.7700,34.5000,283267
2017-10-24,34.0000,34.2130,33.6200,34.1700,126810
2017-10-23,34.3200,34.4200,33.7400,34.0000,134068
2017-10-20,33.8200,34.4300,33.4100,34.2400,294805
2017-10-19,33.7100,33.7350,33.2500,33.5600,108130
2017-10-18,33.5600,34.0400,33.1400,33.6400,100369
2017-10-17,33.1400,33.6800,33.1330,33.5400,77309
2017-10-16,33.5000,34.3400,33.2100,33.3600,86739
2017-10-13,33.3100,33.6300,33.1300,33.6300,70639
2017-10-12,33.2400,33.5800,32.9100,33.2000,116192
2017-10-11,32.9700,33.3500,32.9700,33.2800,59100
2017-10-10,33.5300,33.6500,32.6700,33.1100,171119
2017-10-09,33.8300,33.9700,33.1300,33.3100,144853
2017-10-06,33.4900,33.7500,33.3200,33.7300,257795
2017-10-05,33.4800,33.7150,33.2900,33.5100,112631
2017-10-04,34.0600,34.0600,33.3100,33.4500,189534
2017-10-03,34.2100,34.5000,33.9300,33.9800,227870
2017-10-02,34.0000,34.4950,33.9000,34.1200,239078
2017-09-29,34.1900,34.6100,34.0300,34.1200,169355
2017-09-28,33.6200,34.3500,33.3300,34.2500,130212
2017-09-27,33.2200,34.0200,33.0000,33.6200,277388
2017-09-26,33.2600,33.6400,32.9850,33.1500,242168
2017-09-25,33.3200,33.6200,32.9300,33.2400,567962
2017-09-22,33.1200,33.8300,33.1100,33.4900,156515
2017-09-21,32.8600,33.3400,32.3100,33.1500,456696
2017-09-20,33.3600,33.7200,32.9600,33.0200,316928
2017-09-19,33.8900,34.1500,32.8300,33.4400,432249
2017-09-18,33.8200,33.8700,32.6000,33.7600,480728
2017-09-15,34.5200,34.6100,33.5700,33.8800,822930
2017-09-14,35.5000,36.3200,34.6000,34.6700,479188
2017-09-13,35.5000,36.5300,35.2000,36.3500,922651
2017-09-12,34.2100,35.2900,34.1300,35.2900,426453
2017-09-11,31.9500,34.3400,31.9500,34.2300,360169
2017-09-08,32.0100,32.6900,32.0000,32.6300,296514
2017-09-07,31.0000,32.5300,30.9600,32.1800,362331
2017-09-06,30.0000,31.0900,30.0000,30.8700,195865
2017-09-05,30.4100,30.9400,30.2200,30.8500,145153
2017-09-01,30.4100,31.0000,30.1900,30.6900,132557
2017-08-31,29.9100,31.0000,29.9100,30.8700,350240
2017-08-30,29.7700,30.1600,29.7100,30.0200,85859
2017-08-29,29.1600,30.1500,29.1400,29.8000,262761
2017-08-28,29.7900,29.9800,29.0100,29.9200,209700
2017-08-25,29.0600,29.9200,29.0600,29.6500,222807
2017-08-24,29.0100,29.4400,29.0100,29.2000,186036
2017-08-23,28.9700,29.4100,28.9100,29.1700,198500
2017-08-22,29.8800,29.8800,29.2800,29.3000,244013
2017-08-21,29.3700,30.0100,29.0700,29.9000,288850
2017-08-18,29.6200,29.8900,29.4000,29.8100,171351
2017-08-17,29.8500,30.0000,29.5700,29.8500,209960
2017-08-16,28.7900,30.1600,28.7900,29.8000,112738
2017-08-15,30.5100,30.5100,29.8000,29.8200,170856
2017-08-14,29.2000,30.5600,29.2000,30.2100,172278
2017-08-11,29.8600,30.5800,29.8500,29.8800,311283
2017-08-10,30.3800,30.4900,29.4100,29.8800,646261
2017-08-09,30.3100,30.8900,29.9300,30.5100,335147
2017-08-08,29.5400,30.5900,29.5400,30.3300,699065
2017-08-07,30.6900,32.2900,28.8400,29.8000,1334188
2017-08-04,33.8700,34.0300,29.9900,30.4300,1262289
2017-08-03,37.4100,37.8100,36.9000,37.4500,329257
2017-08-02,38.6500,39.2000,37.1100,37.2700,215563
2017-08-01,39.1400,39.1400,38.0600,38.2800,265841
2017-07-31,39.2200,39.6200,38.6900,38.7700,228275
2017-07-28,39.3400,40.2800,39.0100,39.1000,279686
2017-07-27,38.9700,39.7650,38.8700,39.3100,247853
2017-07-26,39.3800,39.4700,38.8600,39.2900,196708
2017-07-25,38.4100,39.8500,38.3800,39.1700,283043
2017-07-24,37.6500,38.5600,37.0066,38.4200,164540
2017-07-21,37.8000,37.9800,37.4600,37.6800,149101
2017-07-20,37.9100,37.9100,37.3200,37.6400,124261
2017-07-19,37.2900,38.2400,37.1900,37.7100,128475
2017-07-18,36.9100,37.7300,36.8000,37.1200,144677
2017-07-17,37.4300,37.5000,36.5400,36.8500,103016
2017-07-14,37.4300,37.6800,36.9220,37.2900,209307
2017-07-13,37.7700,37.7700,36.8500,37.3700,81468
2017-07-12,37.8300,38.0200,37.4600,37.6500,175952
2017-07-11,37.0700,37.5900,36.7300,37.4200,175684
2017-07-10,36.4000,37.0050,36.0800,36.9500,121867
2017-07-07,36.0900,36.5500,36.0300,36.4400,93861
2017-07-06,36.0500,36.5700,35.4000,35.9500,179019
2017-07-05,36.0000,36.4200,35.7100,36.2100,142578
2017-07-03,35.7500,36.1900,35.2100,36.0000,145235
2017-06-30,36.3000,36.4700,35.5600,35.7400,239463
2017-06-29,37.1400,37.2850,36.0400,36.2600,158376
2017-06-28,36.8600,37.4600,36.7600,37.0200,189149
2017-06-27,38.2300,38.8300,36.7200,36.7600,284484
2017-06-26,38.1100,38.5500,37.5300,37.8000,167890
2017-06-23,37.5300,38.3100,37.4200,38.0600,386374
2017-06-22,37.5700,37.8500,37.3500,37.6300,178156
2017-06-21,37.0000,37.4300,36.5900,37.3500,291303
2017-06-20,35.7900,36.7200,35.3100,36.5000,245071
2017-06-19,35.4800,35.8500,34.0500,35.7100,251452
2017-06-16,33.3300,35.9400,33.3300,35.2300,387293
2017-06-15,33.2100,33.9600,33.2100,33.7800,92184
2017-06-14,32.8400,33.7900,32.8400,33.6900,93239
2017-06-13,32.5900,33.4900,32.5000,33.2600,162161
2017-06-12,33.2600,33.4600,32.2700,32.6600,229156
2017-06-09,33.5600,33.9000,32.7700,33.2100,236167
2017-06-08,33.0500,34.0000,32.4100,33.9300,177562
2017-06-07,33.7500,33.7500,32.7536,33.0100,201913
2017-06-06,34.5500,34.5500,33.0000,33.5400,481012
2017-06-05,34.6500,34.8950,34.4300,34.8600,216692
2017-06-02,33.8900,35.2900,33.8900,34.9300,467199
2017-06-01,33.6500,34.3000,33.6500,34.0900,226066
2017-05-31,34.0000,34.1600,33.5000,33.7600,425718
2017-05-30,34.7900,34.9600,33.3453,34.0000,357514
2017-05-26,34.1500,35.2500,34.0589,34.7400,583373
2017-05-25,34.1000,36.3700,33.8300,34.9900,2938746
2017-05-24,32.7100,33.6000,32.6700,33.3900,202902
2017-05-23,32.8500,33.0500,32.4600,32.6000,126239
2017-05-22,32.0300,33.0100,31.2500,32.6800,171748
2017-05-19,31.3600,32.5000,31.3600,32.3300,161819
2017-05-18,31.3800,31.8300,31.0300,31.7100,162417
2017-05-17,31.5600,32.0000,30.9750,31.5500,178033
2017-05-16,31.2400,31.9600,31.2400,31.6700,175631
2017-05-15,31.2200,32.3600,31.1450,31.4300,437053
2017-05-12,31.6800,32.1200,31.2600,31.9200,98332
2017-05-11,31.7800,32.2024,31.5600,31.8700,114706
2017-05-10,31.1500,32.0000,31.1500,32.0000,186185
2017-05-09,30.3300,31.7000,30.3300,31.2200,116113
2017-05-08,32.9300,32.9300,30.6800,31.2500,523207
2017-05-05,32.7500,33.4200,32.0000,32.8600,167390
2017-05-04,32.0900,32.5300,32.0900,32.2100,103745
2017-05-03,32.4900,32.5000,31.5000,32.0400,173328
2017-05-02,32.5300,32.8100,32.1600,32.6300,118571
2017-05-01,32.6800,33.1100,31.9630,32.4200,177802
2017-04-28,33.1300,33.6700,32.6700,32.8700,185491
2017-04-27,32.8300,33.6000,32.0800,33.0000,248057
2017-04-26,32.7100,33.7100,32.5700,32.6600,305526
2017-04-25,32.5800,32.8900,32.3550,32.6500,164687
2017-04-24,33.3400,33.3400,31.9200,32.4100,141694
2017-04-21,33.0200,33.1300,32.6300,32.7900,76547
2017-04-20,32.6700,33.2900,32.5600,33.0100,128300
2017-04-19,32.3200,32.6500,31.9800,32.4400,130414
2017-04-18,31.5100,32.4500,31.3700,32.0700,210371
2017-04-17,30.5700,31.4800,30.3600,31.3700,160706
2017-04-13,30.9100,31.6950,30.1100,30.4000,391530
2017-04-12,31.3500,31.5000,30.8750,31.2100,389231
2017-04-11,30.0000,32.7800,29.9150,31.5000,403220
2017-04-10,30.0100,30.3600,29.6000,30.0000,139278
2017-04-07,29.8600,30.0800,29.5500,30.0400,162675
2017-04-06,29.8300,30.1700,29.5600,29.9900,155200
2017-04-05,29.9300,30.0600,29.6400,29.6900,147579
2017-04-04,29.4000,30.5100,29.1000,29.7600,114769
2017-04-03,29.7600,30.0250,28.9740,29.4400,343675
2017-03-31,29.4700,29.8900,29.3700,29.7600,161370
2017-03-30,29.2500,29.6700,29.2500,29.4300,210830
2017-03-29,28.9500,29.6500,28.7000,29.3400,325464
2017-03-28,28.6700,29.0700,28.2600,29.0600,68247
2017-03-27,28.5500,28.9700,28.2100,28.7000,142271
2017-03-24,28.8200,29.2200,28.5000,28.8500,140915
2017-03-23,28.7000,29.1500,28.3900,28.7700,72440
2017-03-22,29.4300,29.4300,28.2650,28.6200,241006
2017-03-21,30.4000,30.4000,29.1700,29.5200,258107
2017-03-20,30.4000,30.4800,29.5700,30.1300,207201
2017-03-17,29.0700,30.4900,28.9200,30.3300,514893
2017-03-16,28.3460,29.5300,28.1500,29.2400,186475
2017-03-15,27.4800,28.3200,27.3600,28.1400,181769
2017-03-14,27.2800,27.5700,26.7200,27.3800,172115
2017-03-13,27.2300,27.5200,27.0000,27.4400,119840
2017-03-10,27.2100,27.4200,26.7900,27.1500,110311
2017-03-09,27.0200,27.2700,26.7900,26.9500,170447
2017-03-08,27.5500,28.1700,27.0900,27.1300,133024
2017-03-07,27.8620,27.9500,27.3100,27.5000,147319
2017-03-06,28.5300,28.6200,27.6600,27.8300,152760
2017-03-03,28.6200,29.0300,28.4400,28.6000,113453
2017-03-02,28.7600,29.2000,28.5400,28.9700,261836
2017-03-01,29.0000,29.0400,28.0150,28.9000,226154
2017-02-28,29.7400,29.7400,28.3300,28.5300,303159
2017-02-27,30.1200,30.1700,29.2100,29.5600,412987
2017-02-24,30.0200,31.4000,29.6600,29.9200,514914
2017-02-23,29.2600,29.9600,28.7000,29.3000,228281
2017-02-22,29.6800,30.2700,28.8800,28.9900,184113
2017-02-21,29.4900,30.3700,29.4700,29.5900,206939
2017-02-17,28.6100,29.5000,28.4100,29.4400,147254
2017-02-16,28.1500,28.6500,28.1500,28.4300,47835
2017-02-15,27.5400,28.4700,27.5100,28.2600,42579
2017-02-14,27.4400,27.5400,27.0400,27.5400,52528
2017-02-13,27.6300,27.8000,26.9900,27.3000,98425
2017-02-10,27.2500,27.8000,27.2500,27.4600,27912
2017-02-09,27.3700,27.5200,27.1800,27.3000,108268
2017-02-08,27.2900,27.5300,27.1000,27.1500,94025
2017-02-07,27.6720,27.6720,27.0000,27.4600,95812
2017-02-06,27.3800,27.9200,27.0100,27.2600,99671
2017-02-03,27.2400,27.8700,26.9000,27.4800,158823
2017-02-02,26.5850,27.0800,26.5120,26.9600,61310
2017-02-01,27.3900,27.3900,26.6900,26.8200,22123
2017-01-31,26.8000,27.2800,26.4600,27.1800,47526
2017-01-30,27.6400,28.0400,26.6400,26.9400,117733
2017-01-27,27.7000,28.6400,27.2950,27.6400,118380
2017-01-26,28.3000,28.8306,27.2800,27.8300,79248
2017-01-25,27.9500,28.3000,27.6700,28.0900,82052
2017-01-24,27.6000,28.4500,27.3000,27.6600,154694
2017-01-23,28.3300,28.8000,27.1900,27.4500,51395
2017-01-20,26.8700,29.0890,26.5700,28.3000,176282
2017-01-19,27.0800,27.2600,26.7205,26.8900,43302
2017-01-18,27.0100,27.3100,26.4800,27.1700,117824
2017-01-17,26.8400,27.0000,26.3001,26.7900,41793
2017-01-13,26.4700,27.1700,26.4000,26.8900,54769
2017-01-12,26.5500,26.8300,26.2700,26.4700,52827
2017-01-11,26.3100,26.9300,26.1150,26.7400,87543
2017-01-10,27.0700,27.3200,25.9500,26.7100,162852
2017-01-09,26.9200,27.4500,26.6700,27.1900,106635
2017-01-06,26.7200,27.5500,26.6000,27.1700,143067
2017-01-05,27.4100,28.0000,26.6000,26.9200,87956
2017-01-04,27.9900,28.3300,27.2150,27.6600,96906
2017-01-03,28.1000,28.2300,27.3401,27.8900,100019
2016-12-30,26.8000,27.6400,26.5600,27.6300,54203
2016-12-29,26.8700,27.4500,26.3800,26.8300,140203
2016-12-28,26.8000,27.1600,25.9601,26.9200,182320
2016-12-27,27.6300,28.1322,26.3600,26.8500,81911
2016-12-23,27.7900,28.0600,26.9600,27.4000,44471
2016-12-22,28.0700,28.2300,26.6100,27.7800,189621
2016-12-21,26.5275,28.5250,26.5275,28.0600,104403
2016-12-20,26.3900,27.1600,25.9000,27.0000,88261
2016-12-19,25.2500,27.3400,24.9610,26.2000,130010
2016-12-16,24.5000,25.2500,24.3000,25.0800,1593300
2016-12-15,24.5100,25.3000,24.1400,24.6500,140029
2016-12-14,25.1000,25.5700,24.4600,24.6700,163927
2016-12-13,25.4700,25.7500,24.1700,25.0800,222384
2016-12-12,25.8200,26.3963,25.2500,25.5500,123278
2016-12-09,25.9600,26.5000,25.7200,25.8000,116295
2016-12-08,26.4700,26.7346,25.7500,26.0800,128423
2016-12-07,25.7500,26.4900,24.7758,26.2200,144832
2016-12-06,26.9000,26.9000,25.3497,25.8000,226919
2016-12-05,27.4300,27.7500,26.1900,26.8900,157505
2016-12-02,26.9400,27.4000,26.0950,27.2000,122266
2016-12-01,26.0600,27.9500,25.7200,26.7900,233217
2016-11-30,28.5000,28.5000,25.1000,26.9400,407658
2016-11-29,27.5600,28.7700,26.7600,28.3000,179673
2016-11-28,26.8000,27.9599,26.5001,27.3300,137002
2016-11-25,27.2200,27.7000,26.1300,26.8400,81994
2016-11-23,27.0000,28.0912,26.6700,26.9700,160566
2016-11-22,27.4500,27.4500,26.4000,27.0000,311090
2016-11-21,28.5000,28.5000,26.2500,27.7500,126438
2016-11-18,25.9400,27.8600,25.3000,27.5300,269749
2016-11-17,25.0000,25.9399,24.4001,25.5600,153974
2016-11-16,25.2200,26.6600,24.3300,24.8000,186950
2016-11-15,23.7700,25.6100,23.4800,25.5100,156858
2016-11-14,24.1700,24.3400,22.3900,23.4900,186751
2016-11-11,24.4500,24.4500,23.5500,23.8900,127943
2016-11-10,23.0200,24.5100,22.9500,24.4100,247346
2016-11-09,22.1900,23.1799,22.0101,23.0100,182634
2016-11-08,22.0000,23.5000,22.0000,22.6000,267337
2016-11-07,22.0000,23.4800,21.8750,23.4200,146591
2016-11-04,21.7700,22.0600,21.7500,21.7800,105043
2016-11-03,22.1500,22.2900,21.6600,21.9800,304894
2016-11-02,22.3500,23.0000,22.1000,22.1500,322302
2016-11-01,22.3500,23.3450,22.3500,22.4900,396233
2016-10-31,24.0000,24.2300,22.7000,22.7500,519589
2016-10-28,24.5200,25.7500,23.0000,23.7000,7489281
